{
  "accuracy": 0.702,
  "precision": 0.32098765432098764,
  "recall": 0.8496732026143791,
  "f1_score": 0.4659498207885305,
  "specificity": 0.6753246753246753,
  "false_positive_rate": 0.3246753246753247,
  "false_negative_rate": 0.1503267973856209,
  "true_positives": 130,
  "true_negatives": 572,
  "false_positives": 275,
  "false_negatives": 23,
  "total_samples": 1000,
  "roc_auc": 0.8475357084982754,
  "roc_curve": {
    "fpr": [
      0.0,
      0.0,
      0.0,
      0.0011806375442739079,
      0.0011806375442739079,
      0.0035419126328217238,
      0.0035419126328217238,
      0.004722550177095631,
      0.004722550177095631,
      0.0059031877213695395,
      0.0059031877213695395,
      0.008264462809917356,
      0.008264462809917356,
      0.010625737898465172,
      0.010625737898465172,
      0.014167650531286895,
      0.014167650531286895,
      0.015348288075560802,
      0.015348288075560802,
      0.01652892561983471,
      0.01652892561983471,
      0.020070838252656435,
      0.020070838252656435,
      0.02243211334120425,
      0.02243211334120425,
      0.023612750885478158,
      0.023612750885478158,
      0.024793388429752067,
      0.024793388429752067,
      0.025974025974025976,
      0.025974025974025976,
      0.03305785123966942,
      0.03305785123966942,
      0.03659976387249114,
      0.03659976387249114,
      0.03778040141676505,
      0.03778040141676505,
      0.04132231404958678,
      0.04132231404958678,
      0.04250295159386069,
      0.04250295159386069,
      0.043683589138134596,
      0.043683589138134596,
      0.04604486422668241,
      0.04604486422668241,
      0.0590318772136954,
      0.0590318772136954,
      0.06257378984651712,
      0.06257378984651712,
      0.06493506493506493,
      0.06493506493506493,
      0.07319952774498228,
      0.07319952774498228,
      0.08028335301062574,
      0.08028335301062574,
      0.08500590318772137,
      0.08500590318772137,
      0.089728453364817,
      0.089728453364817,
      0.10861865407319952,
      0.10861865407319952,
      0.11097992916174734,
      0.11097992916174734,
      0.11688311688311688,
      0.11688311688311688,
      0.1322314049586777,
      0.1322314049586777,
      0.1345926800472255,
      0.1345926800472255,
      0.1381345926800472,
      0.1381345926800472,
      0.14521841794569068,
      0.14521841794569068,
      0.14639905548996457,
      0.14639905548996457,
      0.1487603305785124,
      0.1487603305785124,
      0.14994096812278632,
      0.14994096812278632,
      0.15702479338842976,
      0.15702479338842976,
      0.1641086186540732,
      0.1641086186540732,
      0.1652892561983471,
      0.1652892561983471,
      0.17355371900826447,
      0.17355371900826447,
      0.18181818181818182,
      0.18181818181818182,
      0.18299881936245574,
      0.18299881936245574,
      0.18654073199527746,
      0.18654073199527746,
      0.19008264462809918,
      0.19008264462809918,
      0.1936245572609209,
      0.1936245572609209,
      0.19834710743801653,
      0.19834710743801653,
      0.20425029515938606,
      0.20425029515938606,
      0.2066115702479339,
      0.2066115702479339,
      0.21605667060212513,
      0.21605667060212513,
      0.22077922077922077,
      0.22077922077922077,
      0.22786304604486424,
      0.22786304604486424,
      0.22904368358913813,
      0.22904368358913813,
      0.2384887839433294,
      0.2384887839433294,
      0.24203069657615112,
      0.24203069657615112,
      0.26210153482880755,
      0.26210153482880755,
      0.26564344746162927,
      0.26564344746162927,
      0.2680047225501771,
      0.2680047225501771,
      0.2715466351829988,
      0.2715466351829988,
      0.2809917355371901,
      0.2809917355371901,
      0.29279811097992914,
      0.29279811097992914,
      0.30342384887839435,
      0.30342384887839435,
      0.31286894923258557,
      0.31286894923258557,
      0.31641086186540734,
      0.31641086186540734,
      0.3246753246753247,
      0.3246753246753247,
      0.3282172373081464,
      0.3282172373081464,
      0.33530106257378983,
      0.33530106257378983,
      0.3400236127508855,
      0.3400236127508855,
      0.3778040141676505,
      0.3778040141676505,
      0.38488783943329397,
      0.38488783943329397,
      0.39669421487603307,
      0.39669421487603307,
      0.4203069657615112,
      0.4203069657615112,
      0.42266824085005905,
      0.42266824085005905,
      0.4309327036599764,
      0.4309327036599764,
      0.44037780401416765,
      0.44037780401416765,
      0.4887839433293979,
      0.4887839433293979,
      0.5242030696576151,
      0.5242030696576151,
      0.5997638724911453,
      0.5997638724911453,
      0.6847697756788665,
      0.6847697756788665,
      0.7119244391971665,
      0.7119244391971665,
      0.7532467532467533,
      0.7532467532467533,
      0.7674144037780402,
      0.7674144037780402,
      0.7721369539551358,
      0.7721369539551358,
      0.7804014167650531,
      0.7804014167650531,
      0.79456906729634,
      0.79456906729634,
      0.8004722550177096,
      0.8004722550177096,
      0.8713105076741441,
      0.8713105076741441,
      0.9929161747343566,
      0.9929161747343566,
      1.0
    ],