{
  "accuracy": 0.462,
  "precision": 0.17482517482517482,
  "recall": 0.6024096385542169,
  "f1_score": 0.27100271002710025,
  "specificity": 0.434052757793765,
  "false_positive_rate": 0.565947242206235,
  "false_negative_rate": 0.39759036144578314,
  "true_positives": 50,
  "true_negatives": 181,
  "false_positives": 236,
  "false_negatives": 33,
  "total_samples": 500,
  "roc_auc": 0.48897749270463153,
  "roc_curve": {
    "fpr": [
      0.0,
      0.002398081534772182,
      0.026378896882494004,
      0.026378896882494004,
      0.03357314148681055,
      0.03357314148681055,
      0.05275779376498801,
      0.05275779376498801,
      0.07194244604316546,
      0.07194244604316546,
      0.07673860911270983,
      0.07673860911270983,
      0.08393285371702638,
      0.08393285371702638,
      0.08872901678657075,
      0.08872901678657075,
      0.10551558752997602,
      0.10551558752997602,
      0.16786570743405277,
      0.16786570743405277,
      0.17026378896882494,
      0.17026378896882494,
      0.18944844124700239,
      0.18944844124700239,
      0.22541966426858512,
      0.22541966426858512,
      0.23501199040767387,
      0.23501199040767387,
      0.23741007194244604,
      0.23741007194244604,
      0.24940047961630696,
      0.24940047961630696,
      0.2589928057553957,
      0.2589928057553957,
      0.2829736211031175,
      0.2829736211031175,
      0.2973621103117506,
      0.2973621103117506,
      0.2997601918465228,
      0.2997601918465228,
      0.3381294964028777,
      0.3381294964028777,
      0.34292565947242204,
      0.34292565947242204,
      0.4028776978417266,
      0.4028776978417266,
      0.4244604316546763,
      0.4244604316546763,
      0.4292565947242206,
      0.4292565947242206,
      0.4316546762589928,
      0.4316546762589928,
      0.434052757793765,
      0.434052757793765,
      0.4364508393285372,
      0.4364508393285372,
      0.4580335731414868,
      0.4580335731414868,
      0.4676258992805755,
      0.4676258992805755,
      0.48201438848920863,
      0.48201438848920863,
      0.4940047961630695,
      0.4940047961630695,
      0.5035971223021583,
      0.5035971223021583,
      0.5107913669064749,
      0.5107913669064749,
      0.5251798561151079,
      0.5251798561151079,
      0.5371702637889688,
      0.5371702637889688,
      0.5491606714628298,
      0.5491606714628298,
      0.5635491606714629,
      0.5635491606714629,
      0.565947242206235,
      0.565947242206235,
      0.5731414868105515,
      0.5731414868105515,
      0.5947242206235012,
      0.5947242206235012,
      0.6306954436450839,
      0.6306954436450839,
      0.6690647482014388,
      0.6690647482014388,
      0.6714628297362111,
      0.6714628297362111,
      0.6738609112709832,
      0.6738609112709832,
      0.7050359712230215,
      0.7050359712230215,
      0.7242206235011991,
      0.7242206235011991,
      0.7577937649880095,
      0.7577937649880095,
      0.7649880095923262,
      0.7649880095923262,
      0.7745803357314148,
      0.7745803357314148,
      0.7865707434052758,
      0.7865707434052758,
      0.815347721822542,
      0.815347721822542,
      0.8321342925659473,
      0.8321342925659473,
      0.8585131894484412,
      0.8585131894484412,
      0.8657074340527577,
      0.8657074340527577,
      0.8705035971223022,
      0.8705035971223022,
      0.8776978417266187,
      0.8776978417266187,
      0.8800959232613909,
      0.8800959232613909,
      0.8848920863309353,
      0.8848920863309353,
      0.9040767386091128,
      0.9040767386091128,
      0.9064748201438849,
      0.9064748201438849,
      0.9160671462829736,
      0.9160671462829736,
      0.9688249400479616,
      0.9688249400479616,
      0.9760191846522782,
      0.9760191846522782,
      0.9832134292565947,
      0.9832134292565947,
      0.9976019184652278,
      0.9976019184652278,
      1.0
    ],
    "tpr": [
      0.0,
      0.0,
      0.0,
      0.012048192771084338,
      0.012048192771084338,
      0.024096385542168676,
      0.024096385542168676,
      0.03614457831325301,
      0.03614457831325301,
      0.060240963855421686,
      0.060240963855421686,
      0.08433734939759036,
      0.08433734939759036,
      0.0963855421686747,
      0.0963855421686747,
      0.10843373493975904,
      0.10843373493975904,
      0.12048192771084337,
      0.12048192771084337,
      0.13253012048192772,
      0.13253012048192772,
      0.14457831325301204,
      0.14457831325301204,
      0.1566265060240964,
      0.1566265060240964,
      0.1686746987951807,
      0.1686746987951807,
      0.18072289156626506,
      0.18072289156626506,
      0.20481927710843373,
      0.20481927710843373,
      0.21686746987951808,
      0.21686746987951808,
      0.2289156626506024,
      0.2289156626506024,
      0.24096385542168675,
      0.24096385542168675,
      0.25301204819277107,
      0.25301204819277107,
      0.26506024096385544,
      0.26506024096385544,
      0.3132530120481928,
      0.3132530120481928,
      0.3253012048192771,
      0.3253012048192771,
      0.3373493975903614,
      0.3373493975903614,
      0.3614457831325301,
      0.3614457831325301,
      0.3855421686746988,
      0.3855421686746988,
      0.40963855421686746,
      0.40963855421686746,
      0.43373493975903615,
      0.43373493975903615,
      0.4457831325301205,
      0.4457831325301205,
      0.4578313253012048,
      0.4578313253012048,
      0.46987951807228917,
      0.46987951807228917,
      0.4939759036144578,
      0.4939759036144578,
      0.5060240963855421,
      0.5060240963855421,
      0.5180722891566265,
      0.5180722891566265,
      0.5301204819277109,
      0.5301204819277109,
      0.5421686746987951,
      0.5421686746987951,
      0.5662650602409639,
      0.5662650602409639,
      0.5783132530120482,
      0.5783132530120482,
      0.5903614457831325,
      0.5903614457831325,
      0.6024096385542169,
      0.6024096385542169,
      0.6144578313253012,
      0.6144578313253012,
      0.6265060240963856,
      0.6265060240963856,
      0.6385542168674698,
      0.6385542168674698,
      0.6506024096385542,
      0.6506024096385542,
      0.6746987951807228,
      0.6746987951807228,
      0.6987951807228916,
      0.6987951807228916,
      0.7349397590361446,
      0.7349397590361446,
      0.7469879518072289,
      0.7469879518072289,
      0.7590361445783133,
      0.7590361445783133,
      0.7710843373493976,
      0.7710843373493976,
      0.7951807228915663,
      0.7951807228915663,
      0.8072289156626506,
      0.8072289156626506,
      0.8192771084337349,
      0.8192771084337349,
      0.8433734939759037,
      0.8433734939759037,
      0.8554216867469879,
      0.8554216867469879,
      0.8674698795180723,
      0.8674698795180723,
      0.8795180722891566,
      0.8795180722891566,
      0.891566265060241,
      0.891566265060241,
      0.9036144578313253,
      0.9036144578313253,
      0.9156626506024096,
      0.9156626506024096,
      0.927710843373494,
      0.927710843373494,
      0.9397590361445783,
      0.9397590361445783,
      0.9518072289156626,
      0.9518072289156626,
      0.963855421686747,
      0.963855421686747,
      0.9759036144578314,
      0.9759036144578314,
      0.9879518072289156,
      0.9879518072289156,
      1.0,
      1.0
    ]
  },
  "timestamp": "2025-08-06T06:49:00.613447"
}