{
  "CAE": {
    "loss": [
      0.9423174262046814,
      0.6291623711585999,
      0.567099392414093,
      0.5485961437225342,
      0.5395328402519226,
      0.5332567691802979,
      0.5293384790420532,
      0.5259290337562561,
      0.5234948396682739,
      0.521389901638031,
      0.5198111534118652,
      0.518489420413971,
      0.5173168182373047,
      0.5165815949440002,
      0.5154445171356201,
      0.5145848989486694,
      0.5138071775436401,
      0.5132688879966736,
      0.5123268961906433,
      0.5117608308792114,
      0.5111271142959595,
      0.5105400085449219,
      0.5101542472839355,
      0.5092480182647705,
      0.5086365342140198,
      0.508372962474823,
      0.5081631541252136,
      0.5079997181892395,
      0.5077419281005859,
      0.5076826214790344,
      0.5073819756507874,
      0.5071836709976196,
      0.5070735812187195,
      0.5070076584815979,
      0.5068647265434265
    ],
    "mae": [
      0.7874512672424316,
      0.6154018640518188,
      0.5787782073020935,
      0.5668729543685913,
      0.5605512261390686,
      0.5559795498847961,
      0.5529440641403198,
      0.5501722693443298,
      0.5483564734458923,
      0.5466509461402893,
      0.5452060699462891,
      0.5441393852233887,
      0.5431594848632812,
      0.5425071716308594,
      0.5416238307952881,
      0.5409119725227356,
      0.5402650237083435,
      0.5399231314659119,
      0.5392055511474609,
      0.5388118028640747,
      0.5382775068283081,
      0.5378833413124084,
      0.5375375747680664,
      0.5368059277534485,
      0.5362910628318787,
      0.536040723323822,
      0.5358683466911316,
      0.5356868505477905,
      0.5354872345924377,
      0.5354689955711365,
      0.5351871252059937,
      0.5349991917610168,
      0.5349010825157166,
      0.5348417162895203,
      0.5347160696983337
    ],
    "val_loss": [
      0.62459397315979,
      0.528720498085022,
      0.4955350458621979,
      0.48830798268318176,
      0.4824305474758148,
      0.48020702600479126,
      0.4782203435897827,
      0.4761907458305359,
      0.47439491748809814,
      0.47614026069641113,
      0.47328826785087585,
      0.4733428955078125,
      0.47375619411468506,
      0.4741734266281128,
      0.47256404161453247,
      0.4731440246105194,
      0.47229135036468506,
      0.4730028808116913,
      0.4721733629703522,
      0.47290560603141785,
      0.4725286364555359,
      0.47323623299598694,
      0.47333064675331116,
      0.47284531593322754,
      0.47168058156967163,
      0.47200578451156616,
      0.4720560312271118,
      0.4721662402153015,
      0.4718412458896637,
      0.47318726778030396,
      0.47316572070121765,
      0.4718543589115143,
      0.47235605120658875,
      0.47251930832862854,
      0.47268059849739075
    ],
    "val_mae": [
      0.6564651131629944,
      0.5755088925361633,
      0.5617717504501343,
      0.5569058656692505,
      0.5543229579925537,
      0.5528630614280701,
      0.5511438250541687,
      0.5500036478042603,
      0.548363983631134,
      0.5492737889289856,
      0.5479000210762024,
      0.5473494529724121,
      0.5480605363845825,
      0.5482022166252136,
      0.5469242930412292,
      0.5470554232597351,
      0.5474569797515869,
      0.547297477722168,
      0.5466892719268799,
      0.5472705364227295,
      0.5476563572883606,
      0.5471922159194946,
      0.5472937226295471,
      0.547109067440033,
      0.5463216304779053,
      0.5466133952140808,
      0.5466502904891968,
      0.5467392802238464,
      0.5465890169143677,
      0.5470281839370728,
      0.5470290780067444,
      0.5463634729385376,
      0.5466914772987366,
      0.5467195510864258,
      0.5467385649681091
    ],
    "lr": [
      "0.001",
      "0.001",
      "0.001",
      "0.001",
      "0.001",
      "0.001",
      "0.001",
      "0.001",
      "0.001",
      "0.001",
      "0.001",
      "0.001",
      "0.001",
      "0.001",
      "0.001",
      "0.001",
      "0.001",
      "0.001",
      "0.001",
      "0.001",
      "0.001",
      "0.001",
      "0.001",
      "0.001",
      "0.0005",
      "0.0005",
      "0.0005",
      "0.0005",
      "0.0005",
      "0.0005",
      "0.00025",
      "0.00025",
      "0.00025",
      "0.00025",
      "0.00025"
    ]
  },
  "ConvLSTM": {
    "loss": [
      1.11586332321167,
      0.9779313802719116,
      0.635288655757904,
      0.52169269323349,
      0.5181233286857605,
      0.5343378782272339,
      0.5175503492355347,
      0.5083443522453308,
      0.5054947733879089,
      0.5009878277778625,
      0.501689076423645,
      0.4983160197734833,
      0.4966709613800049,
      0.5038449764251709,
      0.49072977900505066,
      0.4960545301437378,
      0.48849979043006897,
      0.4893973469734192,
      0.5044736266136169,
      0.4919587969779968,
      0.4852437376976013,
      0.4848024249076843,
      0.4830743968486786,
      0.481328547000885
    ],
    "mae": [
      0.9209561347961426,
      0.8591177463531494,
      0.6642850041389465,
      0.5766483545303345,
      0.5659362077713013,
      0.5732137560844421,
      0.5661766529083252,
      0.5587284564971924,
      0.557307779788971,
      0.5552520751953125,
      0.5546051263809204,
      0.5518362522125244,
      0.5500255227088928,
      0.5548728704452515,
      0.5474578738212585,
      0.5521798133850098,
      0.5461809635162354,
      0.5465227365493774,
      0.557217001914978,
      0.5493617057800293,
      0.5445816516876221,
      0.5435889959335327,
      0.5419331192970276,
      0.5405791997909546
    ],
    "val_loss": [
      1.2203255891799927,
      1.2043066024780273,
      1.1676684617996216,
      1.1490700244903564,
      1.1818320751190186,
      1.2151169776916504,
      1.3198399543762207,
      1.3697433471679688,
      0.9356213808059692,
      0.8649576902389526,
      0.8192993402481079,
      0.7581593990325928,
      0.7294466495513916,
      0.7122193574905396,
      0.7239692807197571,
      0.7459059357643127,
      0.7787116765975952,
      0.8054090142250061,
      0.8249474763870239,
      0.8414413332939148,
      0.8589330911636353,
      0.8743231892585754,
      0.8860369920730591,
      0.8940109014511108
    ],
    "val_mae": [
      1.0006988048553467,
      0.994106113910675,
      0.9792996048927307,
      0.9704824686050415,
      0.9770106673240662,
      0.9836089611053467,
      1.0104715824127197,
      1.028904676437378,
      0.889918327331543,
      0.8530781865119934,
      0.8265090584754944,
      0.787882924079895,
      0.7669989466667175,
      0.7522366046905518,
      0.7600430846214294,
      0.7758820056915283,
      0.7984481453895569,
      0.8160103559494019,
      0.8293274641036987,
      0.8392185568809509,
      0.8491361141204834,
      0.857530951499939,
      0.8637912273406982,
      0.8680604696273804
    ],
    "lr": [
      "0.001",
      "0.001",
      "0.001",
      "0.001",
      "0.001",
      "0.001",
      "0.001",
      "0.001",
      "0.001",
      "0.001",
      "0.001",
      "0.001",
      "0.001",
      "0.001",
      "0.001",
      "0.001",
      "0.001",
      "0.001",
      "0.001",
      "0.0005",
      "0.0005",
      "0.0005",
      "0.0005",
      "0.0005"
    ]
  }
}